{
  "test_loss": 0.21364238858222961,
  "test_accuracy": 1.0,
  "training_accuracy": 0.9615384340286255,
  "training_loss": 0.07738770544528961,
  "validation_accuracy": 1.0,
  "validation_loss": 0.29632821679115295,
  "epochs_trained": 23,
  "timestamp": "2026-01-18T15:39:15.741682"
}