{
  "test_loss": 0.8522784113883972,
  "test_accuracy": 0.6000000238418579,
  "training_accuracy": 0.4545454680919647,
  "training_loss": 1.3902313709259033,
  "validation_accuracy": 0.3636363744735718,
  "validation_loss": 1.3811248540878296,
  "epochs_trained": 18,
  "timestamp": "2026-01-20T09:34:03.173814"
}