{
  "test_loss": 1.0975972414016724,
  "test_accuracy": 0.3333333432674408,
  "training_accuracy": 0.5384615659713745,
  "training_loss": 1.4642783403396606,
  "validation_accuracy": 0.0,
  "validation_loss": 3.317255735397339,
  "epochs_trained": 11,
  "timestamp": "2026-01-18T12:40:54.227276"
}