{
  "test_loss": 13.898056030273438,
  "test_accuracy": 0.3333333432674408,
  "test_top_2_accuracy": 0.6666666865348816,
  "training_accuracy": 0.3461538553237915,
  "training_loss": 13.768824577331543,
  "validation_accuracy": 0.0,
  "validation_loss": 13.85003662109375,
  "top_2_accuracy": 0.7307692170143127,
  "val_top_2_accuracy": 0.0,
  "epochs_trained": 16,
  "best_epoch": 1,
  "model_architecture": "EfficientNetB3 + Deep Classification Head (300x300)",
  "timestamp": "2026-01-20T11:41:32.877876"
}